{
    "camera_mtx": [
        [
            1494.4938415879155,
            0.0,
            1000.27621111706
        ],
        [
            0.0,
            1505.0778847017941,
            519.8399967640731
        ],
        [
            0.0,
            0.0,
            1.0
        ]
    ],
    "camera_dist": [
        [
            0.06152540222924759,
            -0.11077793886347201,
            -0.003481055805288269,
            0.00012228824646386054,
            -0.009225390819618607
        ]
    ],
    "projector_mtx": [
        [
            1461.8403105942668,
            0.0,
            798.9997825096025
        ],
        [
            0.0,
            1454.5952780665557,
            976.6976899108337
        ],
        [
            0.0,
            0.0,
            1.0
        ]
    ],
    "projector_dist": [
        [
            0.018038676986749297,
            0.2583527883857351,
            -0.0680032072937113,
            0.003634269299788345,
            -0.4672903760547686
        ]
    ],
    "cam2proj_euler_angles": [
        1.7985172005467256,
        6.7779471689131086,
        -6.686260568790828
    ],
    "cam2proj_trans": [
        -0.038535070150738655,
        0.6639571519529394,
        0.06551315499247436
    ]
}