{
    "camera_mtx": [
        [
            1525.0438843172938,
            0.0,
            966.841270572368
        ],
        [
            0.0,
            1519.7599976600613,
            516.1076974613062
        ],
        [
            0.0,
            0.0,
            1.0
        ]
    ],
    "camera_dist": [
        [
            0.013240429697928617,
            -0.054596998905619594,
            0.01878143801224613,
            -0.010969229819758635,
            -0.043020091870412364,
            0.04368837213734833,
            -0.05943819719786158,
            -0.03356040526558775,
            0.018566656657153797,
            -0.0254877131158699,
            -0.0049415216513205365,
            -0.02260560152952282,
            0.0,
            0.0
        ]
    ],
    "projector_mtx": [
        [
            1188.1053176893333,
            0.0,
            938.1198064940816
        ],
        [
            0.0,
            1353.0891861931923,
            767.7761700813275
        ],
        [
            0.0,
            0.0,
            1.0
        ]
    ],
    "projector_dist": [
        [
            -0.030435072198631098,
            0.04415875797037487,
            -0.35574842327222667,
            -0.00443384248036132,
            0.05008509744311329,
            0.03441637331689564,
            -0.028636685586347466,
            -0.0002983333192746289,
            0.0038244321918909805,
            0.006070416602708261,
            0.32945546555129473,
            0.03611348180810435,
            0.0,
            0.0
        ]
    ],
    "cam2proj_euler_angles": [
        -0.47439785393295786,
        2.5399703478749376,
        -17.349786592240434
    ],
    "cam2proj_trans": [
        -0.030989911192290973,
        0.655762459673414,
        0.27144057177350717
    ]
}