{
    "camera_mtx": [
        [
            1525.0438849378438,
            0.0,
            966.8412707340825
        ],
        [
            0.0,
            1519.759998249526,
            516.1076975689749
        ],
        [
            0.0,
            0.0,
            1.0
        ]
    ],
    "camera_dist": [
        [
            0.013240429487517863,
            -0.0545969983359602,
            0.018781437862595386,
            -0.010969229758717858,
            -0.04302009384513701,
            0.043688372188278604,
            -0.059438197927191065,
            -0.033560405259686565,
            0.01856665662150017,
            -0.025487713382894617,
            -0.0049415211952199105,
            -0.02260560171969288,
            0.0,
            0.0
        ]
    ],
    "projector_mtx": [
        [
            1188.1053179526164,
            0.0,
            938.1198066206053
        ],
        [
            0.0,
            1353.0891862733527,
            767.7761704582846
        ],
        [
            0.0,
            0.0,
            1.0
        ]
    ],
    "projector_dist": [
        [
            -0.03043507207078479,
            0.044158757127028186,
            -0.35574842350300245,
            -0.004433842522149074,
            0.050085097957312356,
            0.03441637316421234,
            -0.028636685000357702,
            -0.00029833474031111355,
            0.003824432423059165,
            0.006070416604497602,
            0.32945546618664673,
            0.036113481456290474,
            0.0,
            0.0
        ]
    ],
    "cam2proj_euler_angles": [
        -0.4743978562466589,
        2.5399703465459904,
        -17.349786583559258
    ],
    "cam2proj_trans": [
        -0.03098991122793647,
        0.6557624598392789,
        0.2714405717501307
    ]
}